"Type","Cluster","Category","Target Keyword","Search Intent","Suggested Title","Internal Links","Estimated Difficulty","Priority"
"Article","AI Writing","ai","ai prompt generator guide","Informational / how-to","Ai Prompt Generator Guide | ToolVanta Guide","tools/ai-prompt-generator/; categories/ai/","Very Low","P1"
"Article","AI Writing","ai","ai email writer guide","Informational / how-to","Ai Email Writer Guide | ToolVanta Guide","tools/ai-email-writer/; categories/ai/","Very Low","P1"
"Article","AI Writing","ai","ai blog outline generator guide","Informational / how-to","Ai Blog Outline Generator Guide | ToolVanta Guide","tools/ai-blog-outline-generator/; categories/ai/","Very Low","P1"
"Article","AI Writing","ai","ai meta description generator guide","Informational / how-to","Ai Meta Description Generator Guide | ToolVanta Guide","tools/ai-meta-description-generator/; categories/ai/","Low","P2"
"Article","AI Writing","ai","ai product description generator guide","Informational / how-to","Ai Product Description Generator Guide | ToolVanta Guide","tools/ai-product-description-generator/; categories/ai/","Low","P2"
"Article","AI Writing","ai","ai tweet generator guide","Informational / how-to","Ai Tweet Generator Guide | ToolVanta Guide","tools/ai-tweet-generator/; categories/ai/","Low","P2"
"Article","AI Writing","ai","ai linkedin post generator guide","Informational / how-to","Ai Linkedin Post Generator Guide | ToolVanta Guide","tools/ai-linkedin-post-generator/; categories/ai/","Low","P2"
"Article","AI Writing","ai","ai ad copy generator guide","Informational / how-to","Ai Ad Copy Generator Guide | ToolVanta Guide","tools/ai-ad-copy-generator/; categories/ai/","Low-Medium","P3"
"Article","AI Writing","ai","ai idea generator guide","Informational / how-to","Ai İdea Generator Guide | ToolVanta Guide","tools/ai-idea-generator/; categories/ai/","Low-Medium","P3"
"Article","AI Writing","ai","ai meeting summary template guide","Informational / how-to","Ai Meeting Summary Template Guide | ToolVanta Guide","tools/ai-meeting-summary-template/; categories/ai/","Low-Medium","P3"
"Article","AI Writing","ai","ai resume bullet generator guide","Informational / how-to","Ai Resume Bullet Generator Guide | ToolVanta Guide","tools/ai-resume-bullet-generator/; categories/ai/","Low-Medium","P3"
"Article","AI Writing","ai","ai interview question generator guide","Informational / how-to","Ai İnterview Question Generator Guide | ToolVanta Guide","tools/ai-interview-question-generator/; categories/ai/","Low-Medium","P3"
"Article","AI Writing","ai","ai content brief generator guide","Informational / how-to","Ai Content Brief Generator Guide | ToolVanta Guide","tools/ai-content-brief-generator/; categories/ai/","Low-Medium","P3"
"Article","AI Writing","ai","ai faq generator guide","Informational / how-to","Ai Faq Generator Guide | ToolVanta Guide","tools/ai-faq-generator/; categories/ai/","Low-Medium","P3"
"Article","SEO","seo","meta tag analyzer guide","Informational / how-to","Meta Tag Analyzer Guide | ToolVanta Guide","tools/meta-tag-analyzer/; categories/seo/","Very Low","P1"
"Article","SEO","seo","serp snippet preview guide","Informational / how-to","Serp Snippet Preview Guide | ToolVanta Guide","tools/serp-snippet-preview/; categories/seo/","Very Low","P1"
"Article","SEO","seo","keyword density checker guide","Informational / how-to","Keyword Density Checker Guide | ToolVanta Guide","tools/keyword-density-checker/; categories/seo/","Very Low","P1"
"Article","SEO","seo","title tag checker guide","Informational / how-to","Title Tag Checker Guide | ToolVanta Guide","tools/title-tag-checker/; categories/seo/","Low","P2"
"Article","SEO","seo","meta description checker guide","Informational / how-to","Meta Description Checker Guide | ToolVanta Guide","tools/meta-description-checker/; categories/seo/","Low","P2"
"Article","SEO","seo","slug generator guide","Informational / how-to","Slug Generator Guide | ToolVanta Guide","tools/slug-generator/; categories/seo/","Low","P2"
"Article","SEO","seo","robots txt generator guide","Informational / how-to","Robots Txt Generator Guide | ToolVanta Guide","tools/robots-txt-generator/; categories/seo/","Low","P2"
"Article","SEO","seo","sitemap url builder guide","Informational / how-to","Sitemap Url Builder Guide | ToolVanta Guide","tools/sitemap-url-builder/; categories/seo/","Low-Medium","P3"
"Article","SEO","seo","open graph preview guide","Informational / how-to","Open Graph Preview Guide | ToolVanta Guide","tools/open-graph-preview/; categories/seo/","Low-Medium","P3"
"Article","SEO","seo","canonical url checker guide","Informational / how-to","Canonical Url Checker Guide | ToolVanta Guide","tools/canonical-url-checker/; categories/seo/","Low-Medium","P3"
"Article","SEO","seo","hreflang tag generator guide","Informational / how-to","Hreflang Tag Generator Guide | ToolVanta Guide","tools/hreflang-tag-generator/; categories/seo/","Low-Medium","P3"
"Article","SEO","seo","schema markup generator guide","Informational / how-to","Schema Markup Generator Guide | ToolVanta Guide","tools/schema-markup-generator/; categories/seo/","Low-Medium","P3"
"Article","SEO","seo","heading structure checker guide","Informational / how-to","Heading Structure Checker Guide | ToolVanta Guide","tools/heading-structure-checker/; categories/seo/","Low-Medium","P3"
"Article","SEO","seo","alt text prompt generator guide","Informational / how-to","Alt Text Prompt Generator Guide | ToolVanta Guide","tools/alt-text-prompt-generator/; categories/seo/","Low-Medium","P3"
"Article","Developer Tools","developer","password generator guide","Informational / how-to","Password Generator Guide | ToolVanta Guide","tools/password-generator/; categories/developer/","Very Low","P1"
"Article","Developer Tools","developer","random number generator guide","Informational / how-to","Random Number Generator Guide | ToolVanta Guide","tools/random-number-generator/; categories/developer/","Very Low","P1"
"Article","Developer Tools","developer","uuid generator guide","Informational / how-to","Uuid Generator Guide | ToolVanta Guide","tools/uuid-generator/; categories/developer/","Very Low","P1"
"Article","Developer Tools","developer","json formatter guide","Informational / how-to","Json Formatter Guide | ToolVanta Guide","tools/json-formatter/; categories/developer/","Low","P2"
"Article","Developer Tools","developer","json minifier guide","Informational / how-to","Json Minifier Guide | ToolVanta Guide","tools/json-minifier/; categories/developer/","Low","P2"
"Article","Developer Tools","developer","html formatter guide","Informational / how-to","Html Formatter Guide | ToolVanta Guide","tools/html-formatter/; categories/developer/","Low","P2"
"Article","Developer Tools","developer","css minifier guide","Informational / how-to","Css Minifier Guide | ToolVanta Guide","tools/css-minifier/; categories/developer/","Low","P2"
"Article","Developer Tools","developer","javascript minifier guide","Informational / how-to","Javascript Minifier Guide | ToolVanta Guide","tools/javascript-minifier/; categories/developer/","Low-Medium","P3"
"Article","Developer Tools","developer","base64 encoder guide","Informational / how-to","Base64 Encoder Guide | ToolVanta Guide","tools/base64-encoder/; categories/developer/","Low-Medium","P3"
"Article","Developer Tools","developer","base64 decoder guide","Informational / how-to","Base64 Decoder Guide | ToolVanta Guide","tools/base64-decoder/; categories/developer/","Low-Medium","P3"
"Article","Developer Tools","developer","url encoder guide","Informational / how-to","Url Encoder Guide | ToolVanta Guide","tools/url-encoder/; categories/developer/","Low-Medium","P3"
"Article","Developer Tools","developer","url decoder guide","Informational / how-to","Url Decoder Guide | ToolVanta Guide","tools/url-decoder/; categories/developer/","Low-Medium","P3"
"Article","Developer Tools","developer","html entity encoder guide","Informational / how-to","Html Entity Encoder Guide | ToolVanta Guide","tools/html-entity-encoder/; categories/developer/","Low-Medium","P3"
"Article","Developer Tools","developer","html entity decoder guide","Informational / how-to","Html Entity Decoder Guide | ToolVanta Guide","tools/html-entity-decoder/; categories/developer/","Low-Medium","P3"
"Article","Text Tools","text","word counter guide","Informational / how-to","Word Counter Guide | ToolVanta Guide","tools/word-counter/; categories/text/","Very Low","P1"
"Article","Text Tools","text","character counter guide","Informational / how-to","Character Counter Guide | ToolVanta Guide","tools/character-counter/; categories/text/","Very Low","P1"
"Article","Text Tools","text","uppercase converter guide","Informational / how-to","Uppercase Converter Guide | ToolVanta Guide","tools/uppercase-converter/; categories/text/","Very Low","P1"
"Article","Text Tools","text","lowercase converter guide","Informational / how-to","Lowercase Converter Guide | ToolVanta Guide","tools/lowercase-converter/; categories/text/","Low","P2"
"Article","Text Tools","text","title case converter guide","Informational / how-to","Title Case Converter Guide | ToolVanta Guide","tools/title-case-converter/; categories/text/","Low","P2"
"Article","Text Tools","text","sentence case converter guide","Informational / how-to","Sentence Case Converter Guide | ToolVanta Guide","tools/sentence-case-converter/; categories/text/","Low","P2"
"Article","Text Tools","text","remove extra spaces guide","Informational / how-to","Remove Extra Spaces Guide | ToolVanta Guide","tools/remove-extra-spaces/; categories/text/","Low","P2"
"Article","Text Tools","text","remove duplicate lines guide","Informational / how-to","Remove Duplicate Lines Guide | ToolVanta Guide","tools/remove-duplicate-lines/; categories/text/","Low-Medium","P3"
"Article","Text Tools","text","text reverser guide","Informational / how-to","Text Reverser Guide | ToolVanta Guide","tools/text-reverser/; categories/text/","Low-Medium","P3"
"Article","Text Tools","text","line counter guide","Informational / how-to","Line Counter Guide | ToolVanta Guide","tools/line-counter/; categories/text/","Low-Medium","P3"
"Article","Text Tools","text","word sorter guide","Informational / how-to","Word Sorter Guide | ToolVanta Guide","tools/word-sorter/; categories/text/","Low-Medium","P3"
"Article","Text Tools","text","text cleaner guide","Informational / how-to","Text Cleaner Guide | ToolVanta Guide","tools/text-cleaner/; categories/text/","Low-Medium","P3"
"Article","Text Tools","text","word frequency counter guide","Informational / how-to","Word Frequency Counter Guide | ToolVanta Guide","tools/word-frequency-counter/; categories/text/","Low-Medium","P3"
"Article","Text Tools","text","text to slug converter guide","Informational / how-to","Text To Slug Converter Guide | ToolVanta Guide","tools/text-to-slug-converter/; categories/text/","Low-Medium","P3"
"Article","Marketing","marketing","business name generator guide","Informational / how-to","Business Name Generator Guide | ToolVanta Guide","tools/business-name-generator/; categories/marketing/","Very Low","P1"
"Article","Marketing","marketing","blog title generator guide","Informational / how-to","Blog Title Generator Guide | ToolVanta Guide","tools/blog-title-generator/; categories/marketing/","Very Low","P1"
"Article","Marketing","marketing","utm url builder guide","Informational / how-to","Utm Url Builder Guide | ToolVanta Guide","tools/utm-url-builder/; categories/marketing/","Very Low","P1"
"Article","Marketing","marketing","ctr calculator guide","Informational / how-to","Ctr Calculator Guide | ToolVanta Guide","tools/ctr-calculator/; categories/marketing/","Low","P2"
"Article","Marketing","marketing","cpc calculator guide","Informational / how-to","Cpc Calculator Guide | ToolVanta Guide","tools/cpc-calculator/; categories/marketing/","Low","P2"
"Article","Marketing","marketing","cpm calculator guide","Informational / how-to","Cpm Calculator Guide | ToolVanta Guide","tools/cpm-calculator/; categories/marketing/","Low","P2"
"Article","Marketing","marketing","cpa calculator guide","Informational / how-to","Cpa Calculator Guide | ToolVanta Guide","tools/cpa-calculator/; categories/marketing/","Low","P2"
"Article","Marketing","marketing","roas calculator guide","Informational / how-to","Roas Calculator Guide | ToolVanta Guide","tools/roas-calculator/; categories/marketing/","Low-Medium","P3"
"Article","Marketing","marketing","conversion rate calculator guide","Informational / how-to","Conversion Rate Calculator Guide | ToolVanta Guide","tools/conversion-rate-calculator/; categories/marketing/","Low-Medium","P3"
"Article","Marketing","marketing","cac calculator guide","Informational / how-to","Cac Calculator Guide | ToolVanta Guide","tools/cac-calculator/; categories/marketing/","Low-Medium","P3"
"Article","Social Media","social-media","username generator guide","Informational / how-to","Username Generator Guide | ToolVanta Guide","tools/username-generator/; categories/social-media/","Very Low","P1"
"Article","Social Media","social-media","youtube channel name generator guide","Informational / how-to","Youtube Channel Name Generator Guide | ToolVanta Guide","tools/youtube-channel-name-generator/; categories/social-media/","Very Low","P1"
"Article","Social Media","social-media","hashtag generator guide","Informational / how-to","Hashtag Generator Guide | ToolVanta Guide","tools/hashtag-generator/; categories/social-media/","Very Low","P1"
"Article","Social Media","social-media","instagram bio generator guide","Informational / how-to","İnstagram Bio Generator Guide | ToolVanta Guide","tools/instagram-bio-generator/; categories/social-media/","Low","P2"
"Article","Social Media","social-media","social caption generator guide","Informational / how-to","Social Caption Generator Guide | ToolVanta Guide","tools/social-caption-generator/; categories/social-media/","Low","P2"
"Article","Social Media","social-media","tiktok hook generator guide","Informational / how-to","Tiktok Hook Generator Guide | ToolVanta Guide","tools/tiktok-hook-generator/; categories/social-media/","Low","P2"
"Article","Social Media","social-media","youtube description generator guide","Informational / how-to","Youtube Description Generator Guide | ToolVanta Guide","tools/youtube-description-generator/; categories/social-media/","Low","P2"
"Article","Social Media","social-media","youtube tag generator guide","Informational / how-to","Youtube Tag Generator Guide | ToolVanta Guide","tools/youtube-tag-generator/; categories/social-media/","Low-Medium","P3"
"Article","Social Media","social-media","x post generator guide","Informational / how-to","X Post Generator Guide | ToolVanta Guide","tools/x-post-generator/; categories/social-media/","Low-Medium","P3"
"Article","Social Media","social-media","linkedin headline generator guide","Informational / how-to","Linkedin Headline Generator Guide | ToolVanta Guide","tools/linkedin-headline-generator/; categories/social-media/","Low-Medium","P3"
"Article","Calculators","calculator","age calculator guide","Informational / how-to","Age Calculator Guide | ToolVanta Guide","tools/age-calculator/; categories/calculator/","Very Low","P1"
"Article","Calculators","calculator","bmi calculator guide","Informational / how-to","Bmi Calculator Guide | ToolVanta Guide","tools/bmi-calculator/; categories/calculator/","Very Low","P1"
"Article","Calculators","calculator","percentage calculator guide","Informational / how-to","Percentage Calculator Guide | ToolVanta Guide","tools/percentage-calculator/; categories/calculator/","Very Low","P1"
"Article","Calculators","calculator","discount calculator guide","Informational / how-to","Discount Calculator Guide | ToolVanta Guide","tools/discount-calculator/; categories/calculator/","Low","P2"
"Article","Calculators","calculator","tip calculator guide","Informational / how-to","Tip Calculator Guide | ToolVanta Guide","tools/tip-calculator/; categories/calculator/","Low","P2"
"Article","Calculators","calculator","loan calculator guide","Informational / how-to","Loan Calculator Guide | ToolVanta Guide","tools/loan-calculator/; categories/calculator/","Low","P2"
"Article","Calculators","calculator","simple interest calculator guide","Informational / how-to","Simple İnterest Calculator Guide | ToolVanta Guide","tools/simple-interest-calculator/; categories/calculator/","Low","P2"
"Article","Calculators","calculator","compound interest calculator guide","Informational / how-to","Compound İnterest Calculator Guide | ToolVanta Guide","tools/compound-interest-calculator/; categories/calculator/","Low-Medium","P3"
"Article","Calculators","calculator","vat calculator guide","Informational / how-to","Vat Calculator Guide | ToolVanta Guide","tools/vat-calculator/; categories/calculator/","Low-Medium","P3"
"Article","Calculators","calculator","salary hourly rate calculator guide","Informational / how-to","Salary Hourly Rate Calculator Guide | ToolVanta Guide","tools/salary-hourly-rate-calculator/; categories/calculator/","Low-Medium","P3"
"Article","Image Tools","image","color palette generator guide","Informational / how-to","Color Palette Generator Guide | ToolVanta Guide","tools/color-palette-generator/; categories/image/","Very Low","P1"
"Article","Image Tools","image","qr code generator guide","Informational / how-to","Qr Code Generator Guide | ToolVanta Guide","tools/qr-code-generator/; categories/image/","Very Low","P1"
"Article","Image Tools","image","color picker guide","Informational / how-to","Color Picker Guide | ToolVanta Guide","tools/color-picker/; categories/image/","Very Low","P1"
"Article","Image Tools","image","image resizer guide","Informational / how-to","İmage Resizer Guide | ToolVanta Guide","tools/image-resizer/; categories/image/","Low","P2"
"Article","Image Tools","image","image compressor guide","Informational / how-to","İmage Compressor Guide | ToolVanta Guide","tools/image-compressor/; categories/image/","Low","P2"
"Article","Image Tools","image","image crop ratio calculator guide","Informational / how-to","İmage Crop Ratio Calculator Guide | ToolVanta Guide","tools/image-crop-ratio-calculator/; categories/image/","Low","P2"
"Article","Image Tools","image","image color extractor guide","Informational / how-to","İmage Color Extractor Guide | ToolVanta Guide","tools/image-color-extractor/; categories/image/","Low","P2"
"Article","Image Tools","image","image to base64 guide","Informational / how-to","İmage To Base64 Guide | ToolVanta Guide","tools/image-to-base64/; categories/image/","Low-Medium","P3"
"Article","Productivity","productivity","random quote generator guide","Informational / how-to","Random Quote Generator Guide | ToolVanta Guide","tools/random-quote-generator/; categories/productivity/","Very Low","P1"
"Article","Productivity","productivity","pomodoro timer guide","Informational / how-to","Pomodoro Timer Guide | ToolVanta Guide","tools/pomodoro-timer/; categories/productivity/","Very Low","P1"
"Article","Productivity","productivity","to do list sorter guide","Informational / how-to","To Do List Sorter Guide | ToolVanta Guide","tools/to-do-list-sorter/; categories/productivity/","Very Low","P1"
"Article","Productivity","productivity","meeting agenda generator guide","Informational / how-to","Meeting Agenda Generator Guide | ToolVanta Guide","tools/meeting-agenda-generator/; categories/productivity/","Low","P2"
"Article","Productivity","productivity","daily planner generator guide","Informational / how-to","Daily Planner Generator Guide | ToolVanta Guide","tools/daily-planner-generator/; categories/productivity/","Low","P2"
"Article","Productivity","productivity","habit tracker template guide","Informational / how-to","Habit Tracker Template Guide | ToolVanta Guide","tools/habit-tracker-template/; categories/productivity/","Low","P2"
"Comparison","AI Writing","ai","ai prompt generator vs ai email writer","Commercial investigation / tool selection","Ai Prompt Generator vs Ai Email Writer: Which Tool Should You Use?","tools/ai-prompt-generator/; tools/ai-email-writer/; categories/ai/","Very Low","P1"
"Comparison","AI Writing","ai","ai email writer vs ai blog outline generator","Commercial investigation / tool selection","Ai Email Writer vs Ai Blog Outline Generator: Which Tool Should You Use?","tools/ai-email-writer/; tools/ai-blog-outline-generator/; categories/ai/","Very Low","P1"
"Comparison","AI Writing","ai","ai blog outline generator vs ai meta description generator","Commercial investigation / tool selection","Ai Blog Outline Generator vs Ai Meta Description Generator: Which Tool Should You Use?","tools/ai-blog-outline-generator/; tools/ai-meta-description-generator/; categories/ai/","Very Low","P1"
"Comparison","AI Writing","ai","ai meta description generator vs ai product description generator","Commercial investigation / tool selection","Ai Meta Description Generator vs Ai Product Description Generator: Which Tool Should You Use?","tools/ai-meta-description-generator/; tools/ai-product-description-generator/; categories/ai/","Low","P2"
"Comparison","AI Writing","ai","ai product description generator vs ai tweet generator","Commercial investigation / tool selection","Ai Product Description Generator vs Ai Tweet Generator: Which Tool Should You Use?","tools/ai-product-description-generator/; tools/ai-tweet-generator/; categories/ai/","Low","P2"
"Comparison","AI Writing","ai","ai tweet generator vs ai linkedin post generator","Commercial investigation / tool selection","Ai Tweet Generator vs Ai Linkedin Post Generator: Which Tool Should You Use?","tools/ai-tweet-generator/; tools/ai-linkedin-post-generator/; categories/ai/","Low","P2"
"Comparison","SEO","seo","meta tag analyzer vs serp snippet preview","Commercial investigation / tool selection","Meta Tag Analyzer vs Serp Snippet Preview: Which Tool Should You Use?","tools/meta-tag-analyzer/; tools/serp-snippet-preview/; categories/seo/","Very Low","P1"
"Comparison","SEO","seo","serp snippet preview vs keyword density checker","Commercial investigation / tool selection","Serp Snippet Preview vs Keyword Density Checker: Which Tool Should You Use?","tools/serp-snippet-preview/; tools/keyword-density-checker/; categories/seo/","Very Low","P1"
"Comparison","SEO","seo","keyword density checker vs title tag checker","Commercial investigation / tool selection","Keyword Density Checker vs Title Tag Checker: Which Tool Should You Use?","tools/keyword-density-checker/; tools/title-tag-checker/; categories/seo/","Very Low","P1"
"Comparison","SEO","seo","title tag checker vs meta description checker","Commercial investigation / tool selection","Title Tag Checker vs Meta Description Checker: Which Tool Should You Use?","tools/title-tag-checker/; tools/meta-description-checker/; categories/seo/","Low","P2"
"Comparison","SEO","seo","meta description checker vs slug generator","Commercial investigation / tool selection","Meta Description Checker vs Slug Generator: Which Tool Should You Use?","tools/meta-description-checker/; tools/slug-generator/; categories/seo/","Low","P2"
"Comparison","SEO","seo","slug generator vs robots txt generator","Commercial investigation / tool selection","Slug Generator vs Robots Txt Generator: Which Tool Should You Use?","tools/slug-generator/; tools/robots-txt-generator/; categories/seo/","Low","P2"
"Comparison","SEO","seo","robots txt generator vs sitemap url builder","Commercial investigation / tool selection","Robots Txt Generator vs Sitemap Url Builder: Which Tool Should You Use?","tools/robots-txt-generator/; tools/sitemap-url-builder/; categories/seo/","Low","P2"
"Comparison","Developer Tools","developer","password generator vs random number generator","Commercial investigation / tool selection","Password Generator vs Random Number Generator: Which Tool Should You Use?","tools/password-generator/; tools/random-number-generator/; categories/developer/","Very Low","P1"
"Comparison","Developer Tools","developer","random number generator vs uuid generator","Commercial investigation / tool selection","Random Number Generator vs Uuid Generator: Which Tool Should You Use?","tools/random-number-generator/; tools/uuid-generator/; categories/developer/","Very Low","P1"
"Comparison","Developer Tools","developer","uuid generator vs json formatter","Commercial investigation / tool selection","Uuid Generator vs Json Formatter: Which Tool Should You Use?","tools/uuid-generator/; tools/json-formatter/; categories/developer/","Very Low","P1"
"Comparison","Developer Tools","developer","json formatter vs json minifier","Commercial investigation / tool selection","Json Formatter vs Json Minifier: Which Tool Should You Use?","tools/json-formatter/; tools/json-minifier/; categories/developer/","Low","P2"
"Comparison","Developer Tools","developer","json minifier vs html formatter","Commercial investigation / tool selection","Json Minifier vs Html Formatter: Which Tool Should You Use?","tools/json-minifier/; tools/html-formatter/; categories/developer/","Low","P2"
"Comparison","Developer Tools","developer","html formatter vs css minifier","Commercial investigation / tool selection","Html Formatter vs Css Minifier: Which Tool Should You Use?","tools/html-formatter/; tools/css-minifier/; categories/developer/","Low","P2"
"Comparison","Developer Tools","developer","css minifier vs javascript minifier","Commercial investigation / tool selection","Css Minifier vs Javascript Minifier: Which Tool Should You Use?","tools/css-minifier/; tools/javascript-minifier/; categories/developer/","Low","P2"
"Comparison","Text Tools","text","word counter vs character counter","Commercial investigation / tool selection","Word Counter vs Character Counter: Which Tool Should You Use?","tools/word-counter/; tools/character-counter/; categories/text/","Very Low","P1"
"Comparison","Text Tools","text","character counter vs uppercase converter","Commercial investigation / tool selection","Character Counter vs Uppercase Converter: Which Tool Should You Use?","tools/character-counter/; tools/uppercase-converter/; categories/text/","Very Low","P1"
"Comparison","Text Tools","text","uppercase converter vs lowercase converter","Commercial investigation / tool selection","Uppercase Converter vs Lowercase Converter: Which Tool Should You Use?","tools/uppercase-converter/; tools/lowercase-converter/; categories/text/","Very Low","P1"
"Comparison","Text Tools","text","lowercase converter vs title case converter","Commercial investigation / tool selection","Lowercase Converter vs Title Case Converter: Which Tool Should You Use?","tools/lowercase-converter/; tools/title-case-converter/; categories/text/","Low","P2"
"Comparison","Text Tools","text","title case converter vs sentence case converter","Commercial investigation / tool selection","Title Case Converter vs Sentence Case Converter: Which Tool Should You Use?","tools/title-case-converter/; tools/sentence-case-converter/; categories/text/","Low","P2"
"Comparison","Text Tools","text","sentence case converter vs remove extra spaces","Commercial investigation / tool selection","Sentence Case Converter vs Remove Extra Spaces: Which Tool Should You Use?","tools/sentence-case-converter/; tools/remove-extra-spaces/; categories/text/","Low","P2"
"Comparison","Text Tools","text","remove extra spaces vs remove duplicate lines","Commercial investigation / tool selection","Remove Extra Spaces vs Remove Duplicate Lines: Which Tool Should You Use?","tools/remove-extra-spaces/; tools/remove-duplicate-lines/; categories/text/","Low","P2"
"Comparison","Marketing","marketing","business name generator vs blog title generator","Commercial investigation / tool selection","Business Name Generator vs Blog Title Generator: Which Tool Should You Use?","tools/business-name-generator/; tools/blog-title-generator/; categories/marketing/","Very Low","P1"
"Comparison","Marketing","marketing","blog title generator vs utm url builder","Commercial investigation / tool selection","Blog Title Generator vs Utm Url Builder: Which Tool Should You Use?","tools/blog-title-generator/; tools/utm-url-builder/; categories/marketing/","Very Low","P1"
"Comparison","Marketing","marketing","utm url builder vs ctr calculator","Commercial investigation / tool selection","Utm Url Builder vs Ctr Calculator: Which Tool Should You Use?","tools/utm-url-builder/; tools/ctr-calculator/; categories/marketing/","Very Low","P1"
"Comparison","Marketing","marketing","ctr calculator vs cpc calculator","Commercial investigation / tool selection","Ctr Calculator vs Cpc Calculator: Which Tool Should You Use?","tools/ctr-calculator/; tools/cpc-calculator/; categories/marketing/","Low","P2"
"Comparison","Marketing","marketing","cpc calculator vs cpm calculator","Commercial investigation / tool selection","Cpc Calculator vs Cpm Calculator: Which Tool Should You Use?","tools/cpc-calculator/; tools/cpm-calculator/; categories/marketing/","Low","P2"
"Comparison","Social Media","social-media","username generator vs youtube channel name generator","Commercial investigation / tool selection","Username Generator vs Youtube Channel Name Generator: Which Tool Should You Use?","tools/username-generator/; tools/youtube-channel-name-generator/; categories/social-media/","Very Low","P1"
"Comparison","Social Media","social-media","youtube channel name generator vs hashtag generator","Commercial investigation / tool selection","Youtube Channel Name Generator vs Hashtag Generator: Which Tool Should You Use?","tools/youtube-channel-name-generator/; tools/hashtag-generator/; categories/social-media/","Very Low","P1"
"Comparison","Social Media","social-media","hashtag generator vs instagram bio generator","Commercial investigation / tool selection","Hashtag Generator vs İnstagram Bio Generator: Which Tool Should You Use?","tools/hashtag-generator/; tools/instagram-bio-generator/; categories/social-media/","Very Low","P1"
"Comparison","Social Media","social-media","instagram bio generator vs social caption generator","Commercial investigation / tool selection","İnstagram Bio Generator vs Social Caption Generator: Which Tool Should You Use?","tools/instagram-bio-generator/; tools/social-caption-generator/; categories/social-media/","Low","P2"
"Comparison","Social Media","social-media","social caption generator vs tiktok hook generator","Commercial investigation / tool selection","Social Caption Generator vs Tiktok Hook Generator: Which Tool Should You Use?","tools/social-caption-generator/; tools/tiktok-hook-generator/; categories/social-media/","Low","P2"
"Comparison","Calculators","calculator","age calculator vs bmi calculator","Commercial investigation / tool selection","Age Calculator vs Bmi Calculator: Which Tool Should You Use?","tools/age-calculator/; tools/bmi-calculator/; categories/calculator/","Very Low","P1"
"Comparison","Calculators","calculator","bmi calculator vs percentage calculator","Commercial investigation / tool selection","Bmi Calculator vs Percentage Calculator: Which Tool Should You Use?","tools/bmi-calculator/; tools/percentage-calculator/; categories/calculator/","Very Low","P1"
"Comparison","Calculators","calculator","percentage calculator vs discount calculator","Commercial investigation / tool selection","Percentage Calculator vs Discount Calculator: Which Tool Should You Use?","tools/percentage-calculator/; tools/discount-calculator/; categories/calculator/","Very Low","P1"
"Comparison","Calculators","calculator","discount calculator vs tip calculator","Commercial investigation / tool selection","Discount Calculator vs Tip Calculator: Which Tool Should You Use?","tools/discount-calculator/; tools/tip-calculator/; categories/calculator/","Low","P2"
"Comparison","Calculators","calculator","tip calculator vs loan calculator","Commercial investigation / tool selection","Tip Calculator vs Loan Calculator: Which Tool Should You Use?","tools/tip-calculator/; tools/loan-calculator/; categories/calculator/","Low","P2"
"Comparison","Image Tools","image","color palette generator vs qr code generator","Commercial investigation / tool selection","Color Palette Generator vs Qr Code Generator: Which Tool Should You Use?","tools/color-palette-generator/; tools/qr-code-generator/; categories/image/","Very Low","P1"
"Comparison","Image Tools","image","qr code generator vs color picker","Commercial investigation / tool selection","Qr Code Generator vs Color Picker: Which Tool Should You Use?","tools/qr-code-generator/; tools/color-picker/; categories/image/","Very Low","P1"
"Comparison","Image Tools","image","color picker vs image resizer","Commercial investigation / tool selection","Color Picker vs İmage Resizer: Which Tool Should You Use?","tools/color-picker/; tools/image-resizer/; categories/image/","Very Low","P1"
"Comparison","Image Tools","image","image resizer vs image compressor","Commercial investigation / tool selection","İmage Resizer vs İmage Compressor: Which Tool Should You Use?","tools/image-resizer/; tools/image-compressor/; categories/image/","Low","P2"
"Comparison","Productivity","productivity","random quote generator vs pomodoro timer","Commercial investigation / tool selection","Random Quote Generator vs Pomodoro Timer: Which Tool Should You Use?","tools/random-quote-generator/; tools/pomodoro-timer/; categories/productivity/","Very Low","P1"
"Comparison","Productivity","productivity","pomodoro timer vs to do list sorter","Commercial investigation / tool selection","Pomodoro Timer vs To Do List Sorter: Which Tool Should You Use?","tools/pomodoro-timer/; tools/to-do-list-sorter/; categories/productivity/","Very Low","P1"
"Comparison","Productivity","productivity","to do list sorter vs meeting agenda generator","Commercial investigation / tool selection","To Do List Sorter vs Meeting Agenda Generator: Which Tool Should You Use?","tools/to-do-list-sorter/; tools/meeting-agenda-generator/; categories/productivity/","Very Low","P1"
"Comparison","Productivity","productivity","meeting agenda generator vs daily planner generator","Commercial investigation / tool selection","Meeting Agenda Generator vs Daily Planner Generator: Which Tool Should You Use?","tools/meeting-agenda-generator/; tools/daily-planner-generator/; categories/productivity/","Low","P2"
"Informational","AI Writing","ai","what is an ai prompt","Informational / definition","What İs An Ai Prompt: Simple ToolVanta Guide","tools/ai-prompt-generator/; categories/ai/","Very Low","P1"
"Informational","AI Writing","ai","how to structure ai prompts","Informational / definition","How To Structure Ai Prompts: Simple ToolVanta Guide","tools/ai-prompt-generator/; categories/ai/","Very Low","P1"
"Informational","AI Writing","ai","what is a content brief","Informational / definition","What İs A Content Brief: Simple ToolVanta Guide","tools/ai-prompt-generator/; categories/ai/","Very Low","P1"
"Informational","AI Writing","ai","how to write ai email prompts","Informational / definition","How To Write Ai Email Prompts: Simple ToolVanta Guide","tools/ai-prompt-generator/; categories/ai/","Low","P2"
"Informational","AI Writing","ai","what makes a good blog outline","Informational / definition","What Makes A Good Blog Outline: Simple ToolVanta Guide","tools/ai-prompt-generator/; categories/ai/","Low","P2"
"Informational","AI Writing","ai","how to review ai generated content","Informational / definition","How To Review Ai Generated Content: Simple ToolVanta Guide","tools/ai-prompt-generator/; categories/ai/","Low","P2"
"Informational","SEO","seo","what is a title tag","Informational / definition","What İs A Title Tag: Simple ToolVanta Guide","tools/meta-tag-analyzer/; categories/seo/","Very Low","P1"
"Informational","SEO","seo","what is a meta description","Informational / definition","What İs A Meta Description: Simple ToolVanta Guide","tools/meta-tag-analyzer/; categories/seo/","Very Low","P1"
"Informational","SEO","seo","what is schema markup","Informational / definition","What İs Schema Markup: Simple ToolVanta Guide","tools/meta-tag-analyzer/; categories/seo/","Very Low","P1"
"Informational","SEO","seo","what is keyword density","Informational / definition","What İs Keyword Density: Simple ToolVanta Guide","tools/meta-tag-analyzer/; categories/seo/","Low","P2"
"Informational","SEO","seo","what is a canonical url","Informational / definition","What İs A Canonical Url: Simple ToolVanta Guide","tools/meta-tag-analyzer/; categories/seo/","Low","P2"
"Informational","SEO","seo","what is robots txt","Informational / definition","What İs Robots Txt: Simple ToolVanta Guide","tools/meta-tag-analyzer/; categories/seo/","Low","P2"
"Informational","Developer Tools","developer","what is json formatting","Informational / definition","What İs Json Formatting: Simple ToolVanta Guide","tools/password-generator/; categories/developer/","Very Low","P1"
"Informational","Developer Tools","developer","what is base64 encoding","Informational / definition","What İs Base64 Encoding: Simple ToolVanta Guide","tools/password-generator/; categories/developer/","Very Low","P1"
"Informational","Developer Tools","developer","what is url encoding","Informational / definition","What İs Url Encoding: Simple ToolVanta Guide","tools/password-generator/; categories/developer/","Very Low","P1"
"Informational","Developer Tools","developer","what is jwt decoding","Informational / definition","What İs Jwt Decoding: Simple ToolVanta Guide","tools/password-generator/; categories/developer/","Low","P2"
"Informational","Developer Tools","developer","what is csv to json conversion","Informational / definition","What İs Csv To Json Conversion: Simple ToolVanta Guide","tools/password-generator/; categories/developer/","Low","P2"
"Informational","Developer Tools","developer","what is unix timestamp","Informational / definition","What İs Unix Timestamp: Simple ToolVanta Guide","tools/password-generator/; categories/developer/","Low","P2"
"Informational","Text Tools","text","what counts as a word","Informational / definition","What Counts As A Word: Simple ToolVanta Guide","tools/word-counter/; categories/text/","Very Low","P1"
"Informational","Text Tools","text","what is character count","Informational / definition","What İs Character Count: Simple ToolVanta Guide","tools/word-counter/; categories/text/","Very Low","P1"
"Informational","Text Tools","text","what is title case","Informational / definition","What İs Title Case: Simple ToolVanta Guide","tools/word-counter/; categories/text/","Very Low","P1"
"Informational","Text Tools","text","what is sentence case","Informational / definition","What İs Sentence Case: Simple ToolVanta Guide","tools/word-counter/; categories/text/","Low","P2"
"Informational","Text Tools","text","how to remove duplicate lines","Informational / definition","How To Remove Duplicate Lines: Simple ToolVanta Guide","tools/word-counter/; categories/text/","Low","P2"
"Informational","Text Tools","text","what is readability score","Informational / definition","What İs Readability Score: Simple ToolVanta Guide","tools/word-counter/; categories/text/","Low","P2"
"Informational","Marketing","marketing","what is utm tracking","Informational / definition","What İs Utm Tracking: Simple ToolVanta Guide","tools/business-name-generator/; categories/marketing/","Very Low","P1"
"Informational","Marketing","marketing","what is ctr","Informational / definition","What İs Ctr: Simple ToolVanta Guide","tools/business-name-generator/; categories/marketing/","Very Low","P1"
"Informational","Marketing","marketing","what is cpc","Informational / definition","What İs Cpc: Simple ToolVanta Guide","tools/business-name-generator/; categories/marketing/","Very Low","P1"
"Informational","Marketing","marketing","what is cpm","Informational / definition","What İs Cpm: Simple ToolVanta Guide","tools/business-name-generator/; categories/marketing/","Low","P2"
"Informational","Marketing","marketing","what is roas","Informational / definition","What İs Roas: Simple ToolVanta Guide","tools/business-name-generator/; categories/marketing/","Low","P2"
"Informational","Marketing","marketing","what is conversion rate","Informational / definition","What İs Conversion Rate: Simple ToolVanta Guide","tools/business-name-generator/; categories/marketing/","Low","P2"
"Informational","Social Media","social-media","what are hashtags","Informational / definition","What Are Hashtags: Simple ToolVanta Guide","tools/username-generator/; categories/social-media/","Very Low","P1"
"Informational","Social Media","social-media","what is a social media hook","Informational / definition","What İs A Social Media Hook: Simple ToolVanta Guide","tools/username-generator/; categories/social-media/","Very Low","P1"
"Informational","Social Media","social-media","what makes a good instagram bio","Informational / definition","What Makes A Good İnstagram Bio: Simple ToolVanta Guide","tools/username-generator/; categories/social-media/","Very Low","P1"
"Informational","Social Media","social-media","what makes a good youtube channel name","Informational / definition","What Makes A Good Youtube Channel Name: Simple ToolVanta Guide","tools/username-generator/; categories/social-media/","Low","P2"
"Informational","Social Media","social-media","what is a social media calendar","Informational / definition","What İs A Social Media Calendar: Simple ToolVanta Guide","tools/username-generator/; categories/social-media/","Low","P2"
"Informational","Calculators","calculator","how to calculate percentage change","Informational / definition","How To Calculate Percentage Change: Simple ToolVanta Guide","tools/age-calculator/; categories/calculator/","Very Low","P1"
"Informational","Calculators","calculator","what is compound interest","Informational / definition","What İs Compound İnterest: Simple ToolVanta Guide","tools/age-calculator/; categories/calculator/","Very Low","P1"
"Informational","Calculators","calculator","how to calculate vat","Informational / definition","How To Calculate Vat: Simple ToolVanta Guide","tools/age-calculator/; categories/calculator/","Very Low","P1"
"Informational","Calculators","calculator","how to calculate profit margin","Informational / definition","How To Calculate Profit Margin: Simple ToolVanta Guide","tools/age-calculator/; categories/calculator/","Low","P2"
"Informational","Calculators","calculator","how to calculate break even point","Informational / definition","How To Calculate Break Even Point: Simple ToolVanta Guide","tools/age-calculator/; categories/calculator/","Low","P2"
"Informational","Image Tools","image","what is image compression","Informational / definition","What İs İmage Compression: Simple ToolVanta Guide","tools/color-palette-generator/; categories/image/","Very Low","P1"
"Informational","Image Tools","image","what is image aspect ratio","Informational / definition","What İs İmage Aspect Ratio: Simple ToolVanta Guide","tools/color-palette-generator/; categories/image/","Very Low","P1"
"Informational","Image Tools","image","what is a qr code","Informational / definition","What İs A Qr Code: Simple ToolVanta Guide","tools/color-palette-generator/; categories/image/","Very Low","P1"
"Informational","Image Tools","image","what is a color palette","Informational / definition","What İs A Color Palette: Simple ToolVanta Guide","tools/color-palette-generator/; categories/image/","Low","P2"
"Informational","Image Tools","image","what is svg optimization","Informational / definition","What İs Svg Optimization: Simple ToolVanta Guide","tools/color-palette-generator/; categories/image/","Low","P2"
"Informational","Productivity","productivity","what is pomodoro technique","Informational / definition","What İs Pomodoro Technique: Simple ToolVanta Guide","tools/random-quote-generator/; categories/productivity/","Very Low","P1"
"Informational","Productivity","productivity","what is eisenhower matrix","Informational / definition","What İs Eisenhower Matrix: Simple ToolVanta Guide","tools/random-quote-generator/; categories/productivity/","Very Low","P1"
"Informational","Productivity","productivity","what makes a good meeting agenda","Informational / definition","What Makes A Good Meeting Agenda: Simple ToolVanta Guide","tools/random-quote-generator/; categories/productivity/","Very Low","P1"
"Informational","Productivity","productivity","what is habit tracking","Informational / definition","What İs Habit Tracking: Simple ToolVanta Guide","tools/random-quote-generator/; categories/productivity/","Low","P2"
"Informational","Productivity","productivity","how to prioritize a task list","Informational / definition","How To Prioritize A Task List: Simple ToolVanta Guide","tools/random-quote-generator/; categories/productivity/","Low","P2"
